Workbook

Sheet SULT
A1: x | B1: lx | C1: qx | D1: a_x | E1: A_x | F1: 2A_x | G1: a_x10 | H1: A_x10 | I1: a_x20 | J1: A_x20 | K1: 5E_x | L1: 10E_x | M1: 20E_x
A2: 30 | B2: 99727.3 | C2: 0.000315 | D2: 19.3834 | E2: 0.07698 | F2: 0.01109 | G2: 8.0961 | H2: 0.61447 | I2: 13.041 | J2: 0.379 | K2: 0.78219 | L2: 0.61152 | M2: 0.37254
A3: 31 | B3: 99695.8 | C3: 0.000327 | D3: 19.3086 | E3: 0.08054 | F3: 0.01192 | G3: 8.0956 | H3: 0.6145 | I3: 13.0384 | J3: 0.37913 | K3: 0.78213 | L3: 0.61139 | M3: 0.37221
A4: 32 | B4: 99663.2 | C4: 0.000341 | D4: 19.2303 | E4: 0.08427 | F4: 0.01281 | G4: 8.0949 | H4: 0.61453 | I4: 13.0354 | J4: 0.37927 | K4: 0.78206 | L4: 0.61124 | M4: 0.37183
A5: 33 | B5: 99629.3 | C5: 0.000356 | D5: 19.1484 | E5: 0.08817 | F5: 0.01379 | G5: 8.0943 | H5: 0.61456 | I5: 13.032 | J5: 0.37943 | K5: 0.78199 | L5: 0.61108 | M5: 0.37141
A6: 34 | B6: 99593.8 | C6: 0.000372 | D6: 19.0626 | E6: 0.09226 | F6: 0.01486 | G6: 8.0935 | H6: 0.6146 | I6: 13.0282 | J6: 0.37961 | K6: 0.7819 | L6: 0.6109 | M6: 0.37094
A7: 35 | B7: 99556.7 | C7: 0.000391 | D7: 18.9728 | E7: 0.09653 | F7: 0.01601 | G7: 8.0926 | H7: 0.61464 | I7: 13.024 | J7: 0.37981 | K7: 0.78181 | L7: 0.61069 | M7: 0.37041
A8: 36 | B8: 99517.8 | C8: 0.000412 | D8: 18.8788 | E8: 0.10101 | F8: 0.01727 | G8: 8.0916 | H8: 0.61468 | I8: 13.0192 | J8: 0.38004 | K8: 0.7817 | L8: 0.61046 | M8: 0.36982
A9: 37 | B9: 99476.7 | C9: 0.000436 | D9: 18.7805 | E9: 0.10569 | F9: 0.01863 | G9: 8.0905 | H9: 0.61474 | I9: 13.0138 | J9: 0.38029 | K9: 0.78158 | L9: 0.6102 | M9: 0.36915
A10: 38 | B10: 99433.3 | C10: 0.000463 | D10: 18.6777 | E10: 0.11059 | F10: 0.02012 | G10: 8.0893 | H10: 0.6148 | I10: 13.0078 | J10: 0.38058 | K10: 0.78145 | L10: 0.6099 | M10: 0.36841
A11: 39 | B11: 99387.3 | C11: 0.000493 | D11: 18.5701 | E11: 0.11571 | F11: 0.02173 | G11: 8.0879 | H11: 0.61486 | I11: 13.0011 | J11: 0.3809 | K11: 0.7813 | L11: 0.60957 | M11: 0.36757
A12: 40 | B12: 99338.3 | C12: 0.000527 | D12: 18.4578 | E12: 0.12106 | F12: 0.02347 | G12: 8.0863 | H12: 0.61494 | I12: 12.9935 | J12: 0.38126 | K12: 0.78113 | L12: 0.6092 | M12: 0.36663
A13: 41 | B13: 99285.9 | C13: 0.000565 | D13: 18.3403 | E13: 0.12665 | F13: 0.02536 | G13: 8.0846 | H13: 0.61502 | I13: 12.985 | J13: 0.38167 | K13: 0.78094 | L13: 0.60879 | M13: 0.36558
... A21: 49 | B21: 98684.9 | C21: 0.0011 | D21: 17.196 | E21: 0.18114 | F21: 0.04727 | G21: 8.06 | H21: 0.61619 | I21: 12.8667 | J21: 0.3873 | K21: 0.77827 | L21: 0.60299 | M21: 0.35112

Sheet qx_extracted
A1: age | B1: qx | C1: lx | D1: lx_norm
A2: 30 | B2: =VLOOKUP(A2, SULT!$A$2:$M$21, 3, FALSE) -> 0.000315 | C2: =VLOOKUP(A2, SULT!$A$2:$M$21, 2, FALSE) -> 99727.3 | D2: 1
A3: 31 | B3: =VLOOKUP(A3, SULT!$A$2:$M$21, 3, FALSE) -> 0.000327 | C3: =VLOOKUP(A3, SULT!$A$2:$M$21, 2, FALSE) -> 99695.8 | D3: 0.99968414
A4: 32 | B4: =VLOOKUP(A4, SULT!$A$2:$M$21, 3, FALSE) -> 0.000341 | C4: =VLOOKUP(A4, SULT!$A$2:$M$21, 2, FALSE) -> 99663.2 | D4: 0.99935725
A5: 33 | B5: =VLOOKUP(A5, SULT!$A$2:$M$21, 3, FALSE) -> 0.000356 | C5: =VLOOKUP(A5, SULT!$A$2:$M$21, 2, FALSE) -> 99629.3 | D5: 0.99901732
A6: 34 | B6: =VLOOKUP(A6, SULT!$A$2:$M$21, 3, FALSE) -> 0.000372 | C6: =VLOOKUP(A6, SULT!$A$2:$M$21, 2, FALSE) -> 99593.8 | D6: 0.99866135
A7: 35 | B7: =VLOOKUP(A7, SULT!$A$2:$M$21, 3, FALSE) -> 0.000391 | C7: =VLOOKUP(A7, SULT!$A$2:$M$21, 2, FALSE) -> 99556.7 | D7: 0.99828934
A8: 36 | B8: =VLOOKUP(A8, SULT!$A$2:$M$21, 3, FALSE) -> 0.000412 | C8: =VLOOKUP(A8, SULT!$A$2:$M$21, 2, FALSE) -> 99517.8 | D8: 0.99789927
A9: 37 | B9: =VLOOKUP(A9, SULT!$A$2:$M$21, 3, FALSE) -> 0.000436 | C9: =VLOOKUP(A9, SULT!$A$2:$M$21, 2, FALSE) -> 99476.7 | D9: 0.99748715
A10: 38 | B10: =VLOOKUP(A10, SULT!$A$2:$M$21, 3, FALSE) -> 0.000463 | C10: =VLOOKUP(A10, SULT!$A$2:$M$21, 2, FALSE) -> 99433.3 | D10: 0.99705196
A11: 39 | B11: =VLOOKUP(A11, SULT!$A$2:$M$21, 3, FALSE) -> 0.000493 | C11: =VLOOKUP(A11, SULT!$A$2:$M$21, 2, FALSE) -> 99387.3 | D11: 0.9965907
A12: 40 | B12: =VLOOKUP(A12, SULT!$A$2:$M$21, 3, FALSE) -> 0.000527 | C12: =VLOOKUP(A12, SULT!$A$2:$M$21, 2, FALSE) -> 99338.3 | D12: 0.99609936
A13: 41 | B13: =VLOOKUP(A13, SULT!$A$2:$M$21, 3, FALSE) -> 0.000565 | C13: =VLOOKUP(A13, SULT!$A$2:$M$21, 2, FALSE) -> 99285.9 | D13: 0.99557393
... A21: 49 | B21: =VLOOKUP(A21, SULT!$A$2:$M$21, 3, FALSE) -> 0.0011 | C21: =VLOOKUP(A21, SULT!$A$2:$M$21, 2, FALSE) -> 98684.9 | D21: 0.9895475
